pub_date,old_link,old_folder,new_folder,post_title,category
2023-12-18,http://blog.schochastics.net/post/using-a-quarto-dashboard-for-github-wrapped/,using-a-quarto-dashboard-for-github-wrapped,2023-12-18_using-a-quarto-dashboard-for-github-wrapped,Using a Quarto Dashboard for GitHub Wrapped,"R, quarto, GitHub"
2023-11-16,http://blog.schochastics.net/post/efficient-row-min-calculation-from-r-to-c/,efficient-row-min-calculation-from-r-to-c,2023-11-16_efficient-row-min-calculation-from-r-to-c,Efficient row min calculation: From R to C,"R, C"
2023-10-01,http://blog.schochastics.net/post/adar-an-accurate-fast-and-whatwg-compliant-url-parser/,adar-an-accurate-fast-and-whatwg-compliant-url-parser,2023-10-01_adar-an-accurate-fast-and-whatwg-compliant-url-parser,"adaR: An accurate, fast and WHATWG-compliant URL parser","R, package"
2023-09-12,http://blog.schochastics.net/post/preprocessing-and-analyzing-web-tracking-data-with-webtrackr/,preprocessing-and-analyzing-web-tracking-data-with-webtrackr,2023-09-12_preprocessing-and-analyzing-web-tracking-data-with-webtrackr,Preprocessing and analyzing web tracking data with webtrackR,"R, package"
2023-07-17,http://blog.schochastics.net/post/create-a-cv-with-quarto/,create-a-cv-with-quarto,2023-07-17_create-a-cv-with-quarto,Create a CV with Quarto,"R, quarto"
2023-06-28,http://blog.schochastics.net/post/fast-creation-of-lfr-benchmark-graphs-in-r/,fast-creation-of-lfr-benchmark-graphs-in-r,2023-06-28_fast-creation-of-lfr-benchmark-graphs-in-r,Fast creation of LFR Benchmark graphs in R,"R, networks"
2023-03-22,http://blog.schochastics.net/post/a-suite-of-tools-to-scrape-and-parse-search-engine-results/,a-suite-of-tools-to-scrape-and-parse-search-engine-results,2023-03-22_a-suite-of-tools-to-scrape-and-parse-search-engine-results,A suite of tools to scrape and parse search engine results,"R, package"
2023-02-16,http://blog.schochastics.net/post/rang-make-ancient-r-code-run-again/,rang-make-ancient-r-code-run-again,2023-02-16_rang-make-ancient-r-code-run-again,rang: make ancient R code run again,"R, package, reproducibility"
2022-11-11,http://blog.schochastics.net/post/rtoot-collecting-and-analyzing-mastodon-data/,rtoot-collecting-and-analyzing-mastodon-data,2022-11-11_rtoot-collecting-and-analyzing-mastodon-data,rtoot: Collecting and Analyzing Mastodon Data,"R, package"
2022-08-27,http://blog.schochastics.net/post/extending-network-analysis-in-r-with-netutils/,extending-network-analysis-in-r-with-netutils,2022-08-27_extending-network-analysis-in-r-with-netutils,Extending network analysis in R with netUtils,"R, package, networks"
2022-07-17,http://blog.schochastics.net/post/academicons-my-first-quarto-extension/,academicons-my-first-quarto-extension,2022-07-17_academicons-my-first-quarto-extension,Academicons: my first quarto extension,"R, quarto, extension"
2021-12-08,http://blog.schochastics.net/post/sketchy-hand-drawn-like-maps-in-r/,sketchy-hand-drawn-like-maps-in-r,2021-12-08_sketchy-hand-drawn-like-maps-in-r,"Sketchy, Hand-drawn-like Maps in R","R, package, visualization"
2021-11-01,http://blog.schochastics.net/post/smooth-flow-maps-and-a-new-edge-bundling-algorithm/,smooth-flow-maps-and-a-new-edge-bundling-algorithm,2021-11-01_smooth-flow-maps-and-a-new-edge-bundling-algorithm,Smooth flow maps and a new edge bundling algorithm,"R, package, networks, visualization"
2021-09-15,http://blog.schochastics.net/post/animating-network-evolutions-with-gganimate/,animating-network-evolutions-with-gganimate,2021-09-15_animating-network-evolutions-with-gganimate,Animating Network Evolutions with gganimate,"R, networks, visualization"
2021-01-15,http://blog.schochastics.net/post/non-hierarchical-edge-bundling-in-r/,non-hierarchical-edge-bundling-in-r,2021-01-15_non-hierarchical-edge-bundling-in-r,"Non-hierarchical edge bundling, flow maps and metro maps in R","R, package, networks, visualization"
2020-10-16,http://blog.schochastics.net/post/raspberry-pi-e-paper-dashboard-with-r/,raspberry-pi-e-paper-dashboard-with-r,2020-10-16_raspberry-pi-e-paper-dashboard-with-r,Raspberry Pi E-Paper Dashboard with R,"R, DIY"
2020-08-23,http://blog.schochastics.net/post/sketchy-hand-drawn-like-networks-in-r/,sketchy-hand-drawn-like-networks-in-r,2020-08-23_sketchy-hand-drawn-like-networks-in-r,"Sketchy, Hand-drawn-like Networks in R","R, package, networks, visualization"
2020-04-26,http://blog.schochastics.net/post/visualizing-multilevel-networks-with-graphlayouts/,visualizing-multilevel-networks-with-graphlayouts,2020-04-26_visualizing-multilevel-networks-with-graphlayouts,Visualizing Multilevel Networks with graphlayouts,"R, networks, visualization"
2020-03-14,http://blog.schochastics.net/post/ggraph-tricks-for-common-problems/,ggraph-tricks-for-common-problems,2020-03-14_ggraph-tricks-for-common-problems,ggraph tricks for common problems,"R, networks, visualization"
2020-01-25,http://blog.schochastics.net/post/a-package-for-analysing-signed-networks/,a-package-for-analysing-signed-networks,2020-01-25_a-package-for-analysing-signed-networks,A package for analysing signed networks,"R, package, networks, visualization"
2019-12-15,http://blog.schochastics.net/post/a-large-repository-of-networkdata/,a-large-repository-of-networkdata,2019-12-15_a-large-repository-of-networkdata,A large repository of networkdata,"R, package, networks"
2019-09-04,http://blog.schochastics.net/post/new-rstudio-addins-for-network-analysis/,new-rstudio-addins-for-network-analysis,2019-09-04_new-rstudio-addins-for-network-analysis,New RStudio addins for network analysis,"R, Rstudio addin, networks"
2019-08-25,http://blog.schochastics.net/post/graphlouts-v0-5-0/,graphlouts-v0-5-0,2019-08-25_graphlouts-v0-5-0,graphlayouts v0.5.0 released,"R, package, networks, visualization"
2019-06-29,http://blog.schochastics.net/post/mapping-nba-shot-locations/,mapping-nba-shot-locations,2019-06-29_mapping-nba-shot-locations,Mapping NBA Shot Locations,"R, data analysis, sports"
2019-04-14,http://blog.schochastics.net/post/introducing-graphlayouts-with-got/,introducing-graphlayouts-with-got,2019-04-14_introducing-graphlayouts-with-got,Introducing graphlayouts with Game of Thrones,"R, networks, visualization"
2019-01-26,http://blog.schochastics.net/post/an-rstudio-addin-for-network-analysis-and-visualization/,an-rstudio-addin-for-network-analysis-and-visualization,2019-01-26_an-rstudio-addin-for-network-analysis-and-visualization,An Rstudio Addin for Network Analysis and Visualization ,"R, Rstudio addin, networks"
2018-12-12,http://blog.schochastics.net/post/network-centrality-in-r-new-ways-of-measuring-centrality/,network-centrality-in-r-new-ways-of-measuring-centrality,2018-12-12_network-centrality-in-r-new-ways-of-measuring-centrality,Network Centrality in R: New ways of measuring Centrality,"R, networks"
2018-12-10,http://blog.schochastics.net/post/network-centrality-in-r-neighborhood-inclusion/,network-centrality-in-r-neighborhood-inclusion,2018-12-10_network-centrality-in-r-neighborhood-inclusion,Network Centrality in R: Neighborhood Inclusion,"R, networks"
2018-12-07,http://blog.schochastics.net/post/network-centrality-in-r-introduction/,network-centrality-in-r-introduction,2018-12-07_network-centrality-in-r-introduction,Network Centrality in R: An Introduction,"R, networks"
2018-11-22,http://blog.schochastics.net/post/beautiful-chaos-the-double-pendulum/,beautiful-chaos-the-double-pendulum,2018-11-22_beautiful-chaos-the-double-pendulum,Beautiful Chaos: The Double Pendulum,"R, simulation"
2018-11-14,http://blog.schochastics.net/post/rdew-valley-optimizing-farming-with-r/,rdew-valley-optimizing-farming-with-r,2018-11-14_rdew-valley-optimizing-farming-with-r,,"R, data analysis"
2018-10-07,http://blog.schochastics.net/post/analyzing-the-greatest-strikers-in-football-ii-visualizing-data/,analyzing-the-greatest-strikers-in-football-ii-visualizing-data,2018-10-07_analyzing-the-greatest-strikers-in-football-ii-visualizing-data,Analyzing the Greatest Strikers in Football II: Visualizing Data,"R, data analysis, sports"
2018-10-05,http://blog.schochastics.net/post/analyzing-the-greatest-strikers-in-football-i-getting-data/,analyzing-the-greatest-strikers-in-football-i-getting-data,2018-10-05_analyzing-the-greatest-strikers-in-football-i-getting-data,Analyzing the Greatest Strikers in Football I: Getting Data,"R, data analysis, sports"
2018-09-28,http://blog.schochastics.net/post/six-degrees-of-zlatan-ibrahimovic/,six-degrees-of-zlatan-ibrahimovic,2018-09-28_six-degrees-of-zlatan-ibrahimovic,Six Degrees of Zlatan Ibrahimovic,"R, data analysis, sports"
2018-09-13,http://blog.schochastics.net/post/stress-based-graph-layouts/,stress-based-graph-layouts,2018-09-13_stress-based-graph-layouts,Stress based graph layouts,"R, networks, visualization"
2018-06-24,http://blog.schochastics.net/post/fast-fiedler-vector-computation/,fast-fiedler-vector-computation,2018-06-24_fast-fiedler-vector-computation,Fast Fiedler Vector Computation,"R, networks"
2018-03-10,http://blog.schochastics.net/post/analyzing-nba-player-data-iii-similarity-networks/,analyzing-nba-player-data-iii-similarity-networks,2018-03-10_analyzing-nba-player-data-iii-similarity-networks,Analyzing NBA Player Data III: Similarity Networks,"R, data analysis, sports"
2018-03-04,http://blog.schochastics.net/post/analyzing-nba-player-data-ii-clustering/,analyzing-nba-player-data-ii-clustering,2018-03-04_analyzing-nba-player-data-ii-clustering,Analyzing NBA Player Data II: Clustering Players ,"R, data analysis, sports"
2018-03-03,http://blog.schochastics.net/post/analyzing-nba-player-data-i-getting-data/,analyzing-nba-player-data-i-getting-data,2018-03-03_analyzing-nba-player-data-i-getting-data,Analyzing NBA Player Data I: Getting Data,"R, data analysis, sports"
2018-02-14,http://blog.schochastics.net/post/using-umap-in-r-with-rpython/,using-umap-in-r-with-rpython,2018-02-14_using-umap-in-r-with-rpython,Using UMAP in R with rPython,R
2018-02-07,http://blog.schochastics.net/post/sample-entropy-with-rcpp/,sample-entropy-with-rcpp,2018-02-07_sample-entropy-with-rcpp,Sample Entropy with Rcpp,R
2018-01-24,http://blog.schochastics.net/post/soms-and-ggplot/,soms-and-ggplot,2018-01-24_soms-and-ggplot,SOMs and ggplot,"R, visualization"
2018-01-19,http://blog.schochastics.net/post/traveling-beerdrinker-problem/,traveling-beerdrinker-problem,2018-01-19_traveling-beerdrinker-problem,Traveling Beerdrinker Problem,"R, data analysis, visualization"
2017-12-17,http://blog.schochastics.net/post/a-wild-r-package-appears/,a-wild-r-package-appears,2017-12-17_a-wild-r-package-appears,A wild R package appears! Pokemon/Gameboy inspired plots in R,"R, package, visualization"
2017-11-24,http://blog.schochastics.net/post/predicting-player-positions/,predicting-player-positions,2017-11-24_predicting-player-positions,Predicting Player Positions of FIFA 18 Players,"R, data analysis, sports"
2017-11-19,http://blog.schochastics.net/post/dimensionality-reduction-methods/,dimensionality-reduction-methods,2017-11-19_dimensionality-reduction-methods,Dimensionality Reduction Methods Using FIFA 18 Player Data,"R, data analysis, sports"
